Id;Marital_Status;Income
1826;Divorced;84835.0
1;Single;57091.0
10476;Married;67267.0
1386;Together;32474.0
5371;Single;21474.0
7348;Single;71691.0
4073;Married;63564.0
1991;Together;44931.0
4047;Married;65324.0
9477;Married;65324.0
2079;Married;81044.0
5642;Together;62499.0
10530;Widow;67786.0
2964;Married;26872.0
10311;Married;4428.0
837;Married;54809.0
10521;Married;54809.0
10175;Divorced;32173.0
1473;Single;47823.0
2795;Single;30523.0
2285;Together;36634.0
115;Single;43456.0
10470;Married;40662.0
4065;Married;49544.0
10968;Single;57731.0
5985;Single;33168.0
5430;Together;54450.0
8432;Together;54450.0
453;Widow;35340.0
9687;Single;73170.0
8890;Divorced;65808.0
9264;Married;79529.0
5824;Together;34578.0
5794;Married;46374.0
3068;Married;18351.0
7962;Single;95169.0
2681;Married;65370.0
10141;Divorced;39228.0
3725;Single;84865.0
3767;Married;61314.0
5585;Single;21359.0
7030;Married;66465.0
1524;Single;81698.0
3657;Single;39146.0
5740;Divorced;25959.0
9595;Together;64260.0
3158;Married;32300.0
5114;Married;74806.0
340;Divorced;72967.0
8805;Single;48904.0
1241;Married;14796.0
1402;Married;66991.0
7264;Single;52195.0
1619;Married;90369.0
6398;Married;18393.0
1857;Single;47139.0
4877;Married;38576.0
3066;Together;61905.0
10286;Married;83715.0
1992;Married;60597.0
4246;Single;6560.0
10623;Together;48330.0
4867;Single;38236.0
3112;Married;22701.0
4865;Divorced;53367.0
6287;Together;34728.0
4405;Married;63915.0
5332;Married;82504.0
1519;Single;38578.0
9080;Single;38578.0
1772;Married;79174.0
5341;Divorced;81975.0
5510;Married;43263.0
3887;Single;27242.0
7022;Married;76445.0
9999;Together;75276.0
10352;Widow;34213.0
7919;Together;72335.0
4114;Married;79143.0
7990;Married;27469.0
9888;Together;68695.0
4399;Together;68695.0
4452;Single;50388.0
4785;Together;77622.0
8461;Divorced;46102.0
3878;Single;31859.0
9612;Single;23830.0
4098;Married;24639.0
158;Together;71604.0
3896;Married;27255.0
9970;Together;55375.0
4002;Married;77037.0
10914;Single;24163.0
7279;Together;69476.0
10582;Married;72063.0
4470;Married;58646.0
6183;Married;58646.0
6379;Widow;47570.0
8601;Married;80011.0
4827;Single;54998.0
6715;Single;60200.0
10676;Married;63211.0
1041;Single;48432.0
492;YOLO;48432.0
11133;YOLO;48432.0
4491;Married;62845.0
873;Married;62845.0
1631;Together;65220.0
8278;Married;74214.0
6815;Married;96547.0
254;Together;53863.0
1349;Married;50447.0
2534;Married;37716.0
2130;Together;45203.0
2296;Married;37368.0
3799;Married;67225.0
11084;Together;65104.0
5172;Together;65104.0
9504;Married;81698.0
850;Single;70566.0
4477;Together;69096.0
1945;Married;71434.0
7685;Married;33039.0
6310;Married;33039.0
10832;Together;46610.0
3025;Single;49967.0
2404;Married;53359.0
8581;Married;49505.0
8755;Married;68657.0
10177;Divorced;72071.0
2429;Divorced;72071.0
8920;Single;59235.0
8430;Together;21994.0
8619;Together;21994.0
8996;Married;
7233;Married;69209.0
6678;Together;31928.0
830;Single;74004.0
6365;Married;30390.0
6770;Married;21355.0
2261;Married;26304.0
1031;Married;85710.0
10089;Divorced;102692.0
9256;Single;58350.0
10641;Single;7500.0
624;Single;18890.0
4211;Married;20425.0
1407;Married;20425.0
10356;Divorced;41437.0
9323;Together;49912.0
1146;Together;49912.0
6343;Married;79823.0
8545;Divorced;85683.0
8275;Divorced;47025.0
10673;Married;68397.0
8799;Married;38175.0
67;Single;46423.0
9923;Single;46423.0
2814;Together;30560.0
2711;Together;30560.0
4320;Single;60152.0
10451;Together;29672.0
4198;Together;29672.0
10814;Together;70321.0
944;Married;56181.0
8151;Married;24279.0
6184;Married;68462.0
3498;Married;55424.0
2870;Married;49094.0
7342;Widow;59184.0
1911;Together;67430.0
10862;Married;30522.0
2546;Single;31878.0
3005;Single;83528.0
8318;Together;90300.0
2930;Single;68092.0
8216;Married;53761.0
1212;Married;52845.0
2541;Married;24027.0
10659;Together;7500.0
10905;Together;42586.0
8910;Together;42586.0
7349;Together;9722.0
7872;Married;86836.0
4290;Married;30467.0
7408;Married;54549.0
9986;Together;19444.0
8235;Together;69245.0
10949;Divorced;72968.0
7284;Married;48686.0
9529;Married;73687.0
9930;Single;82716.0
10270;Married;35523.0
760;Divorced;60554.0
5519;Together;64090.0
232;Single;61559.0
3009;Widow;71670.0
6518;Widow;67680.0
10669;Married;54386.0
5682;Single;64108.0
1570;Together;69702.0
1497;Single;47958.0
9723;Married;67716.0
7261;Together;34600.0
2452;Together;34600.0
5621;Married;48752.0
10995;Married;15716.0
7373;Divorced;46610.0
5331;Married;74985.0
263;Single;45576.0
4619;Single;113734.0
940;Single;57100.0
10084;Married;24434.0
6019;Married;37126.0
1463;Single;45160.0
6424;Together;33178.0
8233;Widow;64866.0
1515;Together;34176.0
10855;Single;50014.0
10909;Married;92344.0
3376;Divorced;55282.0
10232;Divorced;48799.0
5547;Married;84169.0
8362;Married;84169.0
3524;Single;39763.0
10095;Divorced;74165.0
8897;Single;42720.0
466;Married;65275.0
11025;Married;36443.0
2387;Together;43776.0
1618;Together;56046.0
25;Married;65148.0
3277;Divorced;49431.0
8566;Together;32583.0
2634;Single;16653.0
8036;Together;26850.0
8159;Married;51287.0
7628;Married;43050.0
9597;Married;73448.0
1384;Married;17256.0
10150;Single;86429.0
3885;Married;33569.0
11003;Together;25130.0
8026;Married;62998.0
577;Together;26907.0
8702;Together;26907.0
5429;Married;45579.0
977;Together;47320.0
2793;Divorced;70179.0
1071;Divorced;70179.0
5074;Married;28072.0
2632;Married;50501.0
6404;Together;58917.0
10240;Together;69372.0
2521;Married;35178.0
4301;Married;35178.0
7381;Divorced;75693.0
2407;Married;69109.0
9064;Married;69109.0
5067;Together;80134.0
10281;Divorced;64713.0
11191;Divorced;41411.0
1994;Married;
2552;Single;55521.0
6720;Together;43795.0
4557;Together;22070.0
1183;Married;36408.0
4186;Together;34026.0
1419;Together;34026.0
967;Married;46049.0
1048;Married;35641.0
9262;Together;32414.0
3427;Married;59821.0
5892;Married;34968.0
8911;Married;56320.0
6606;Married;70091.0
2677;Together;46097.0
252;Divorced;41003.0
9860;Together;44911.0
1388;Single;33249.0
979;Single;33249.0
7494;Divorced;42873.0
10490;Married;51039.0
3403;Together;78952.0
2715;Divorced;29435.0
4828;Divorced;79865.0
92;Alone;34176.0
3312;Single;34176.0
11176;Together;65968.0
1446;Single;86424.0
9699;Divorced;67272.0
9790;Single;78499.0
2324;Together;77044.0
5080;Single;70515.0
4992;Together;17459.0
7849;Married;80336.0
4808;Married;15759.0
10401;Together;26326.0
7793;Together;62061.0
9303;Married;5305.0
6853;Single;75777.0
7366;Single;75777.0
9780;Together;71499.0
7573;Single;31626.0
1379;Together;42670.0
8923;Single;83917.0
3547;Together;41021.0
8707;Married;79456.0
1891;Divorced;78789.0
6271;Married;50870.0
9635;Married;35876.0
9727;Married;23539.0
6205;Single;32557.0
10681;Married;62466.0
5156;Married;62466.0
3050;Married;54198.0
8164;Married;82170.0
5626;Single;61798.0
7600;Single;15253.0
6406;Married;78285.0
7002;Single;62535.0
8234;Together;27190.0
6116;Married;48985.0
291;Married;72940.0
8779;Married;36145.0
4931;Together;157146.0
1650;Married;81843.0
9701;Together;41883.0
6431;Married;45759.0
10789;Married;45759.0
5302;Together;78394.0
4459;Single;30279.0
10642;Single;30279.0
9213;Widow;31880.0
3678;Widow;60208.0
3698;Together;78687.0
5929;Married;37401.0
10795;Married;37401.0
4390;Together;75315.0
9362;Single;69263.0
1577;Married;78569.0
4609;Married;57705.0
7143;Together;74805.0
1729;Together;66426.0
10664;Widow;51529.0
5029;Married;18100.0
10507;Divorced;59601.0
3865;Together;20981.0
6982;Married;74068.0
7042;Married;36790.0
9668;Married;18793.0
6878;Widow;27421.0
4099;Married;30675.0
5031;Together;83145.0
1970;Together;34053.0
5726;Single;31788.0
5231;Married;45894.0
1307;Divorced;41986.0
10609;Married;42769.0
5782;Together;58582.0
7533;Married;49096.0
9493;Single;76412.0
2253;Married;18929.0
2326;Married;18929.0
1876;Married;18929.0
7141;Single;21888.0
7393;Together;41580.0
4713;Married;31605.0
5093;Divorced;25509.0
8524;Divorced;25509.0
3766;Widow;33051.0
9725;Together;28764.0
8933;Married;32146.0
10779;Single;22148.0
9289;Married;36781.0
2613;Married;54197.0
10133;Single;93790.0
8443;Single;24762.0
10796;Married;30477.0
10241;Divorced;11448.0
3388;Divorced;70844.0
6507;Single;30828.0
7446;Together;62513.0
87;Married;27733.0
10477;Together;39435.0
6072;Single;75345.0
2518;Together;20491.0
247;Married;36715.0
9463;Together;71706.0
1459;Married;69063.0
9530;Married;24645.0
9653;Married;35797.0
10785;Married;44078.0
9392;Single;26954.0
3769;Together;
10146;Together;38887.0
4741;Married;65463.0
1880;Together;53537.0
6471;Single;36230.0
5718;Married;80763.0
3478;Married;60585.0
7848;Single;49166.0
7999;Together;75261.0
11101;Together;89891.0
9212;Married;72828.0
10983;Together;75278.0
3629;Single;38557.0
4673;Married;81300.0
796;Divorced;60161.0
618;Married;69389.0
380;Divorced;64497.0
1092;Married;61014.0
8962;Married;44319.0
8207;Married;53233.0
6521;Together;77972.0
535;Divorced;81361.0
4608;Divorced;81361.0
11086;Single;25707.0
1064;Married;42403.0
7000;Single;65704.0
1581;Married;37406.0
7384;Together;39767.0
10552;Married;54210.0
6409;Divorced;57136.0
9507;Married;40794.0
9560;Together;83003.0
10991;Married;89058.0
4712;Together;20193.0
11056;Married;72099.0
7414;Married;43824.0
3076;Together;66653.0
6355;Married;44359.0
7959;Married;79410.0
5512;Married;55842.0
10102;Widow;79946.0
9369;Single;88194.0
3711;Married;80184.0
6931;Divorced;76982.0
9596;Single;65295.0
2727;Together;57100.0
8416;Married;29009.0
3967;Married;78931.0
2139;Married;7500.0
2162;Married;56939.0
9242;Single;64509.0
10595;Married;30093.0
4855;Together;30351.0
5049;Together;30351.0
4967;Together;38201.0
5255;Single;
9215;Married;43974.0
3525;Together;38200.0
3619;Divorced;87305.0
4415;Married;16860.0
3645;Single;27213.0
4692;Married;7500.0
3955;Divorced;4861.0
5313;Married;38196.0
7196;Married;41145.0
1381;Single;38513.0
10951;Married;45688.0
4322;Together;77863.0
7444;Married;42169.0
2942;Single;45906.0
2874;Divorced;35388.0
3667;Married;80952.0
3697;Together;39898.0
9955;Together;39898.0
5320;Divorced;44051.0
6422;Married;86718.0
3690;Married;80141.0
2408;Married;58597.0
9260;Married;70356.0
9648;Single;46904.0
4939;Together;37760.0
8652;Together;37760.0
4702;Single;61839.0
2587;Married;29791.0
2811;Single;48918.0
9150;Single;48918.0
10127;Married;58692.0
5493;Married;39356.0
2666;Married;76234.0
10099;Married;55434.0
10562;Married;66835.0
7881;Married;66835.0
6721;Married;71965.0
5204;Together;74538.0
5209;Divorced;50002.0
10128;Together;53977.0
9284;Together;53977.0
8643;Together;69930.0
1685;Together;62981.0
2877;Together;46014.0
8369;Together;18227.0
6233;Married;65991.0
195;Single;38808.0
1501;Married;160803.0
10846;Married;43783.0
8341;Married;30396.0
10766;Married;65526.0
9971;Married;65526.0
1740;Married;55956.0
8737;Divorced;55563.0
6466;Married;57236.0
10430;Divorced;89694.0
8773;Together;57420.0
2371;Married;33622.0
7786;Single;29999.0
4088;Together;31497.0
4971;Together;31497.0
10560;Single;36802.0
6892;Divorced;61671.0
11004;Single;60182.0
1818;Together;29732.0
9485;Married;45921.0
6646;Together;16529.0
4248;Single;98777.0
7451;Single;98777.0
7861;Married;77027.0
5232;Married;69139.0
3011;Married;69139.0
5758;Married;65169.0
2173;Widow;40049.0
10711;Married;69755.0
8268;Married;
2782;Married;54456.0
9432;Together;666666.0
5872;Single;60689.0
11187;Single;26487.0
2428;Married;28164.0
1726;Single;22585.0
1802;Married;64795.0
1162;Single;42000.0
10643;Single;42000.0
11112;Together;70713.0
2114;Single;82800.0
4261;Single;82800.0
2457;Married;30801.0
2495;Married;83891.0
6983;Divorced;38054.0
3436;Married;14045.0
7505;Married;44155.0
4286;Single;57642.0
7224;Married;31353.0
6215;Married;31353.0
968;Divorced;41335.0
4096;Divorced;41335.0
3153;Single;40737.0
6504;Together;19789.0
5329;Divorced;35946.0
1175;Married;36262.0
1377;Widow;44551.0
4607;Together;71367.0
4944;Together;71367.0
9483;Together;57957.0
1378;Together;50334.0
5991;Married;48150.0
2807;Married;56796.0
1052;Married;56796.0
9760;Widow;52278.0
7101;Widow;52278.0
9909;Married;7500.0
5907;Married;33444.0
793;Married;20895.0
8832;Together;37509.0
2535;Married;88097.0
1523;Married;59041.0
1839;Single;43322.0
9972;Together;46015.0
2945;Together;46015.0
9291;Married;34242.0
2829;Married;65210.0
8594;Widow;50520.0
1592;Married;90765.0
4310;Married;80589.0
6950;Married;49572.0
8492;Together;75437.0
5684;Divorced;44635.0
5909;Married;58512.0
9855;Single;62000.0
975;Single;54252.0
8754;Together;45068.0
1456;Single;60474.0
2849;Single;60474.0
9984;Married;56337.0
5527;Together;22434.0
5628;Together;61416.0
7627;Married;92163.0
1351;Together;58656.0
10629;Married;
10395;Single;8940.0
6961;Married;26751.0
10196;Married;71427.0
6182;Together;26646.0
10432;Divorced;19346.0
1542;Single;56243.0
4220;Married;59892.0
4141;Together;71613.0
1940;Married;25252.0
1506;Single;42160.0
6347;Single;15862.0
1361;Married;82584.0
9422;Married;38360.0
1081;Married;75283.0
7458;Together;34941.0
1012;Single;61823.0
5453;Married;90226.0
6818;Married;44989.0
7807;Married;44989.0
7532;Married;43586.0
8346;Single;32233.0
5564;Together;62882.0
3267;Together;57288.0
3091;Together;75774.0
762;Together;75774.0
8029;Single;90247.0
4376;Single;32218.0
10981;Married;84219.0
486;Married;84219.0
1158;Divorced;48877.0
9119;Together;60905.0
6694;Married;75236.0
10573;Divorced;62551.0
10140;Together;70123.0
2286;Single;50785.0
8420;Married;15315.0
10065;Married;15315.0
1029;Together;64413.0
4207;Married;87171.0
10277;Single;30081.0
4436;Single;20180.0
2929;Single;20180.0
6281;Divorced;55686.0
10390;Married;26887.0
2574;Married;61996.0
709;Divorced;51537.0
5955;Together;72025.0
8486;Together;30538.0
10343;Single;61618.0
6652;Married;77343.0
8746;Married;75433.0
4686;Widow;82571.0
3551;Together;60033.0
4338;Single;39062.0
4444;Married;30023.0
498;Single;30015.0
8230;Married;33228.0
2826;Married;22574.0
6222;Married;22574.0
7352;Married;55267.0
10928;Together;66886.0
10736;Single;72258.0
10163;Single;82733.0
6168;Divorced;45146.0
4656;Single;51250.0
626;Married;32871.0
3870;Together;63855.0
6299;Divorced;42564.0
7798;Together;46344.0
9973;Married;50437.0
4299;Together;70971.0
10971;Single;37774.0
9931;Married;4023.0
6679;Single;33279.0
5961;Married;42693.0
6255;Together;70545.0
8614;Widow;65486.0
7828;Together;77882.0
1277;Together;78468.0
3595;Together;77226.0
5735;Single;90638.0
5350;Single;90638.0
4137;Together;70666.0
6357;Divorced;59052.0
9316;Together;13084.0
3578;Divorced;49160.0
153;Divorced;23272.0
10524;Divorced;49476.0
1518;Married;62694.0
2036;Together;57906.0
9495;Together;71853.0
2631;Together;71853.0
6312;Married;65031.0
615;Together;30507.0
4406;Together;67419.0
10061;Married;59462.0
10619;Single;95529.0
4945;Widow;53653.0
1777;Married;25965.0
4023;Married;22979.0
7922;Single;64950.0
10699;Married;44322.0
7516;Married;30096.0
3129;Married;30096.0
5121;Single;56628.0
2186;Together;82326.0
10548;Single;71163.0
6384;Divorced;71022.0
2625;Single;42607.0
1676;Married;43057.0
5534;Married;47808.0
6859;Single;29236.0
271;Widow;40590.0
7699;Widow;40590.0
7832;Married;77520.0
938;Married;40211.0
7873;Together;63516.0
9967;Divorced;53034.0
1087;Together;22669.0
8314;Married;79908.0
3762;Single;69867.0
10383;Divorced;70287.0
6798;Single;37070.0
4168;Single;37070.0
6690;Married;38179.0
10602;Married;39922.0
3220;Married;39922.0
5424;Married;39922.0
7488;Single;64191.0
5289;Single;41658.0
347;Divorced;40780.0
5236;Together;77568.0
9478;Single;66503.0
477;Married;83512.0
7411;Married;31686.0
3107;Together;71322.0
7437;Single;27938.0
255;Divorced;22263.0
3790;Together;34633.0
749;Together;42162.0
1503;Together;162397.0
8650;Widow;54162.0
607;Divorced;41769.0
1008;Together;44953.0
9396;Married;37717.0
933;Married;37717.0
5710;Together;40548.0
2882;Divorced;67893.0
2379;Single;69267.0
5342;Divorced;9548.0
3262;Single;68281.0
5832;Together;92556.0
5025;Single;48526.0
569;Single;90273.0
3102;Together;19414.0
9449;Single;79761.0
8104;Married;53312.0
75;Together;41039.0
6421;Together;88347.0
3037;Married;50150.0
4698;Married;50150.0
948;Single;10245.0
6177;Married;33454.0
3517;Single;40887.0
3491;Together;55914.0
7610;Together;37292.0
4377;Married;52914.0
9850;Married;24884.0
5544;Single;67384.0
6497;Married;51651.0
4543;Married;82497.0
5117;Married;32632.0
1448;Married;33562.0
6887;Single;79146.0
7500;Single;79146.0
2724;Single;36143.0
2256;Married;27159.0
1100;Together;41275.0
7725;Married;76800.0
2612;Married;75794.0
113;Married;30833.0
2868;Single;26518.0
4216;Single;91065.0
199;Single;45183.0
359;Together;48070.0
8842;Widow;30372.0
2154;Widow;30372.0
6050;Married;57036.0
9204;Widow;66731.0
4472;Divorced;35682.0
6864;Divorced;10979.0
10617;Divorced;10979.0
3924;Divorced;57912.0
5654;Married;36026.0
9216;Married;35788.0
8086;Married;42243.0
9097;Divorced;46086.0
7631;Together;61346.0
7275;Single;33316.0
8334;Single;33316.0
1987;Single;21063.0
2281;Single;33697.0
7034;Married;25804.0
2797;Married;72117.0
3934;Married;61286.0
2493;Married;61286.0
3759;Together;65196.0
965;Divorced;55635.0
7378;Together;42021.0
1859;Married;75251.0
6263;Together;35322.0
2072;Together;53374.0
8908;Married;87195.0
738;Single;42395.0
10129;Together;82427.0
807;Together;44602.0
3334;Married;94642.0
5423;Together;28359.0
4426;Single;55801.0
10489;Married;92955.0
2570;Together;56534.0
3834;Single;69627.0
590;Divorced;78579.0
4791;Together;44964.0
5304;Single;30899.0
2426;Divorced;78825.0
35;Married;25545.0
8041;Widow;47111.0
3584;Single;49667.0
7718;Together;66000.0
8605;Together;46910.0
1646;Married;25224.0
9206;Together;77382.0
10757;Divorced;28420.0
6885;Divorced;32952.0
907;Married;46149.0
1150;Together;83532.0
3867;Together;73059.0
3859;Together;73059.0
3265;Married;35701.0
4418;Single;89616.0
4611;Together;105471.0
4530;Widow;78427.0
7736;Married;22518.0
9949;Married;59809.0
942;Single;39660.0
6181;Together;52203.0
7660;Alone;35860.0
2055;Divorced;35860.0
5107;Divorced;35860.0
1626;Divorced;35860.0
6428;Widow;76842.0
9617;Single;15033.0
4339;Married;67353.0
7235;Married;17003.0
8527;Together;65735.0
1968;Widow;45684.0
9862;Together;21918.0
11075;Married;51267.0
6658;Together;59868.0
4552;Married;51373.0
10377;Together;46692.0
5336;Together;157733.0
10350;Married;54432.0
11071;Single;79607.0
11100;Divorced;51813.0
6516;Married;17487.0
1734;Together;40706.0
2131;Divorced;62859.0
6439;Married;61074.0
10591;Widow;43638.0
9797;Married;58116.0
9336;Widow;62187.0
2174;Single;46344.0
3197;Married;77353.0
9185;Single;69759.0
905;Divorced;21846.0
10858;Together;76532.0
8925;Married;70053.0
2499;Single;75342.0
1109;Together;27590.0
326;Married;51148.0
10967;Divorced;33378.0
5370;Married;32644.0
2098;Married;33581.0
1773;Married;12393.0
5036;Single;42710.0
4856;Married;82347.0
8722;Married;82347.0
2156;Married;22554.0
2569;Married;17323.0
10151;Divorced;62204.0
10473;Widow;78028.0
7079;Divorced;63887.0
6875;Together;32727.0
6728;Together;29103.0
2471;Married;61482.0
49;Single;20587.0
4973;Single;20587.0
6387;Together;52190.0
5866;Together;48186.0
8523;Married;19329.0
7901;Married;34109.0
898;Married;23477.0
10242;Together;47472.0
5835;Divorced;14849.0
6919;Married;26224.0
6197;Single;27238.0
10475;Together;
4201;Single;57967.0
5092;Widow;51569.0
6566;Married;72550.0
6613;Married;44511.0
9094;Married;62972.0
9847;Married;62972.0
10767;Together;77845.0
7943;Married;36663.0
1055;Married;53204.0
1458;Married;21059.0
8402;Married;67087.0
6246;Single;73892.0
4654;Together;75114.0
6103;Married;42192.0
8147;Married;31454.0
10207;Together;22775.0
4838;Together;22775.0
10219;Together;31590.0
2176;Married;80134.0
9121;Married;80134.0
5802;Married;14188.0
10790;Married;18169.0
178;Married;62503.0
2308;Married;46734.0
7431;Single;68126.0
9405;Married;52869.0
10525;Single;26576.0
7503;Single;75825.0
8783;Married;57045.0
1403;Together;34984.0
4643;Married;27803.0
3463;Married;69283.0
4055;Single;18746.0
7010;Married;70924.0
4767;Married;70924.0
1927;Together;69401.0
437;Divorced;75012.0
4331;Together;85738.0
4084;Together;60934.0
8135;Married;27161.0
9750;Divorced;64325.0
6682;Married;18978.0
10581;Married;41124.0
3710;Single;39684.0
5207;Married;53378.0
9360;Married;37040.0
4679;Married;78710.0
1340;Married;92910.0
10839;Together;36283.0
5303;Together;79632.0
9829;Together;28587.0
10469;Together;88325.0
3602;Married;51412.0
4756;Divorced;63998.0
8181;Single;38593.0
6958;Married;27889.0
10856;Single;45889.0
3321;Together;56575.0
5394;Single;16014.0
433;Alone;61331.0
6320;Single;70893.0
5376;Married;2447.0
1867;Single;64849.0
4324;Married;42387.0
3661;Single;80617.0
521;Together;54006.0
10403;Together;16531.0
7186;Together;30843.0
4329;Married;18988.0
4394;Married;81051.0
1717;Single;39747.0
1016;Single;34554.0
3783;Married;52854.0
5848;Together;81205.0
10727;Married;69084.0
5299;Married;69084.0
6872;Married;65352.0
1143;Married;22063.0
10381;Single;47691.0
11007;Married;29187.0
9145;Single;72504.0
5267;Divorced;33986.0
9738;Together;42386.0
10212;Together;42386.0
10010;Divorced;36957.0
10069;Together;13724.0
2694;Married;42664.0
10613;Together;37334.0
4646;Married;78497.0
6935;Married;78497.0
5596;Together;58821.0
1044;Together;58398.0
9274;Married;80950.0
9076;Married;30732.0
4947;Single;89572.0
10176;Single;57107.0
3507;Single;76467.0
9235;Single;
10341;Together;51315.0
2639;Single;43602.0
6201;Single;38643.0
7397;Single;49090.0
2181;Married;70617.0
1204;Married;67536.0
1170;Married;27573.0
8812;Divorced;13533.0
4690;Married;50725.0
1715;Together;25851.0
10821;Married;57113.0
6543;Together;62847.0
7119;Single;68627.0
3518;Married;25271.0
1245;Single;63810.0
2561;Single;63810.0
9624;Together;65488.0
10509;Single;36927.0
7629;Married;22108.0
7875;Married;72025.0
2815;Married;33183.0
2936;Together;23661.0
3665;Together;25315.0
10888;Single;45938.0
6637;Single;66951.0
5077;Together;77298.0
6173;Together;77298.0
3969;Together;43018.0
4580;Married;75759.0
663;Single;33996.0
8299;Single;33996.0
8945;Divorced;54137.0
10870;Married;61223.0
1184;Divorced;69674.0
6141;Single;49494.0
8825;Together;51195.0
2217;Married;37284.0
4102;Married;37284.0
4653;Together;42011.0
10092;Divorced;70044.0
5788;Together;46053.0
4669;Married;24480.0
6295;Married;54233.0
7453;Single;36130.0
10841;Together;56559.0
821;Single;92859.0
3933;Together;44010.0
1225;Married;80124.0
7059;Married;80124.0
5633;Married;50183.0
843;Married;64722.0
6211;Together;37395.0
7007;Married;29543.0
9671;Married;19514.0
8975;Married;19514.0
6616;Together;59481.0
6248;Single;91712.0
7428;Together;80144.0
3075;Married;59973.0
2937;Single;68352.0
203;Single;81169.0
2021;Married;61456.0
880;Together;22634.0
524;Together;22634.0
10837;Married;23957.0
7011;Married;33471.0
4184;Together;52157.0
7679;Single;30298.0
7485;Widow;56551.0
7530;Widow;56551.0
4369;Absurd;65487.0
10652;Together;65487.0
286;Single;44213.0
5922;Married;40344.0
7250;Together;57867.0
2478;Married;25410.0
1160;Married;13260.0
9214;Married;42691.0
273;Married;36138.0
851;Married;57136.0
9729;Widow;58275.0
9665;Divorced;54237.0
2620;Married;34596.0
8254;Married;34596.0
3852;Together;74881.0
1000;Together;74881.0
3099;Divorced;44267.0
6318;Married;68487.0
5396;Married;68487.0
7966;Single;80982.0
454;Together;69508.0
309;Together;63342.0
3571;Together;63342.0
8395;Single;82014.0
2591;Widow;76320.0
1640;Divorced;64587.0
810;Married;74190.0
9423;Married;32765.0
4345;Single;
89;Married;22212.0
5294;Single;18358.0
1321;Married;26067.0
2686;Together;22390.0
1215;Together;70440.0
9283;Single;60199.0
3120;Together;38547.0
5868;Married;19107.0
8143;Single;37929.0
3479;Single;16813.0
7214;Married;62187.0
5543;Together;57811.0
9347;Together;50943.0
10160;Together;50943.0
1406;Single;53201.0
7019;Together;54414.0
2157;Together;26290.0
8939;Divorced;61250.0
10250;Together;28389.0
1272;Single;55250.0
3007;Together;37758.0
5513;Together;37758.0
679;Married;37633.0
8876;Together;33629.0
10827;Married;36947.0
7300;Divorced;69142.0
4268;Married;53154.0
4603;Married;65695.0
8659;Together;69805.0
10708;Single;36975.0
1176;Married;26228.0
10380;Married;37787.0
7037;Married;37087.0
11096;Together;57247.0
6374;Married;36930.0
5552;Divorced;48721.0
2245;Married;43641.0
6200;Married;75903.0
9904;Married;71391.0
10031;Married;16927.0
6642;Divorced;27215.0
10882;Married;53858.0
5636;Single;30983.0
8692;Together;43462.0
8091;Married;63943.0
8080;Single;26816.0
8370;Together;75484.0
4550;Together;33564.0
3381;Married;54348.0
10556;Married;54984.0
9467;Single;34738.0
2891;Divorced;68118.0
5011;Divorced;68118.0
8140;Together;22682.0
11039;Married;51948.0
78;Married;25293.0
5517;Married;25293.0
5290;Married;41551.0
4128;Together;56067.0
8534;Married;67433.0
9592;Together;22010.0
8957;Single;64831.0
9308;Married;62820.0
544;Married;62820.0
5989;Divorced;78353.0
635;Married;57183.0
6673;Single;23478.0
1710;Single;30168.0
523;Married;37155.0
8977;Single;16581.0
9736;Married;41850.0
1544;Divorced;81380.0
6575;Together;56386.0
6147;Divorced;25818.0
6354;Together;15345.0
4769;Together;57954.0
7540;Married;50300.0
5247;Married;38725.0
5987;Together;10404.0
9960;Single;26868.0
10972;Widow;72298.0
1399;Married;72905.0
2698;Single;47025.0
6340;Single;29938.0
4107;Together;46681.0
10906;Together;46681.0
2557;Single;29548.0
8786;Married;62058.0
7187;Together;
6119;Single;36736.0
2980;Single;8820.0
3850;Together;14918.0
1077;Together;56715.0
9733;Together;24882.0
8462;Together;24882.0
4764;Together;40442.0
2223;Divorced;64176.0
7788;Married;23536.0
5827;Divorced;35246.0
2958;Married;28442.0
4954;Married;48195.0
3139;Single;74116.0
9952;Together;78093.0
8180;Divorced;59354.0
3276;Together;36301.0
4994;Single;77598.0
3598;Married;62710.0
945;Together;36317.0
5048;Single;42767.0
6214;Married;43815.0
6230;Divorced;44421.0
2968;Divorced;48948.0
8800;Divorced;48948.0
1907;Divorced;63120.0
10478;Married;55517.0
4188;Single;36864.0
8720;Together;
2225;Divorced;82582.0
4790;Divorced;79803.0
1131;Single;52569.0
202;Widow;82032.0
9589;Widow;82032.0
3900;Married;65685.0
9958;Married;65685.0
8955;Together;40451.0
10033;Divorced;31163.0
5751;Divorced;31163.0
3308;Married;35704.0
7297;Single;7500.0
8008;Together;36075.0
1232;Together;70038.0
2345;Together;70038.0
1628;Together;71796.0
5081;Together;47821.0
839;Married;45503.0
3706;Single;28647.0
5154;Divorced;37760.0
8584;Together;85431.0
6583;Married;72635.0
3433;Married;72635.0
10486;Married;77142.0
8687;Together;53172.0
7842;Single;36065.0
3749;Together;73926.0
1331;Single;35790.0
5995;Divorced;39552.0
8985;Together;68316.0
2798;Together;102160.0
7108;Widow;51390.0
2781;Single;72066.0
3623;Together;21675.0
194;Married;48006.0
10833;Married;65106.0
2315;Divorced;58401.0
6336;Married;29315.0
10738;Single;49389.0
8286;Together;51717.0
2166;Widow;46779.0
10691;Married;28520.0
9739;Single;34377.0
1829;Divorced;54959.0
6260;Together;82384.0
10448;Single;46998.0
1343;Together;58554.0
4749;Together;58554.0
531;Divorced;57333.0
6905;Together;80685.0
1045;Together;52117.0
4012;Together;62220.0
5529;Together;64014.0
4001;Together;64014.0
10420;Divorced;46390.0
7723;Together;75507.0
2963;Together;75507.0
10634;Married;59412.0
5180;Divorced;50616.0
6866;Together;35924.0
1328;Married;57937.0
1139;Married;73356.0
4961;Together;21255.0
5177;Married;58494.0
2075;Married;72460.0
3428;Together;68682.0
4500;Together;68682.0
7369;Married;36959.0
4381;Married;46463.0
9964;Single;61825.0
1630;Single;61825.0
5012;Married;28691.0
6918;Married;28691.0
7822;Together;54058.0
10156;Single;84196.0
3033;Together;38620.0
4119;Together;38620.0
11110;Single;3502.0
332;Married;47743.0
737;Married;80360.0
10319;Married;66303.0
2683;Married;52413.0
3445;Single;60714.0
10913;Single;31385.0
4427;Single;83257.0
8717;Married;80427.0
2066;Together;38823.0
3340;Married;42014.0
8685;Married;42014.0
4149;Together;76140.0
8726;Divorced;41713.0
2295;Married;62670.0
3283;Married;70932.0
1915;Married;78939.0
800;Together;44512.0
9166;Married;63967.0
5147;Single;90842.0
13;Widow;25358.0
8557;Single;
8724;Single;28567.0
9381;Married;66373.0
9384;Married;66373.0
3560;Together;83844.0
241;Together;83844.0
7521;Together;83844.0
9799;Divorced;83664.0
5123;Married;27450.0
448;Single;54880.0
4837;Married;71322.0
9365;Single;60000.0
8932;Together;65176.0
7055;Together;61010.0
3537;Together;31089.0
9081;Single;20518.0
4988;Married;34469.0
1050;Married;28332.0
5610;Together;33456.0
3526;Married;38443.0
5136;Single;65333.0
1411;Divorced;82623.0
701;Married;73691.0
6203;Together;74485.0
7192;Together;65748.0
5181;Single;24367.0
9220;Single;91700.0
7734;Absurd;79244.0
10446;Married;82017.0
5524;Single;58138.0
3830;Married;59354.0
5186;Married;58482.0
8514;Together;29478.0
7165;Together;64474.0
10236;Single;31160.0
2392;Married;40321.0
1920;Married;40321.0
3673;Single;55239.0
1453;Widow;57513.0
4518;Together;85693.0
8969;Married;71855.0
387;Married;7500.0
1079;Married;71969.0
164;Married;28973.0
3434;Single;80872.0
5721;Married;84117.0
8418;Single;38741.0
5300;Married;38961.0
10424;Single;75922.0
11171;Married;56962.0
1600;Married;56962.0
7851;Widow;70165.0
10701;Married;65308.0
891;Together;29298.0
6912;Married;63246.0
5967;Together;33402.0
2109;Single;96843.0
6292;Married;82333.0
8537;Widow;72643.0
9576;Together;32313.0
5935;Single;55284.0
10264;Divorced;15287.0
234;Divorced;15287.0
3202;Married;51563.0
1103;Married;81929.0
610;Together;53593.0
4480;Married;60432.0
10660;Married;66726.0
9353;Single;62450.0
4120;Single;49514.0
2836;Married;43269.0
9579;Married;33762.0
5841;Together;60894.0
3174;Together;87771.0
5536;Together;87771.0
2061;Married;50737.0
8477;Divorced;26150.0
640;Married;57304.0
3828;Married;71107.0
4093;Together;53253.0
8624;Married;81320.0
2802;Married;87000.0
368;Married;40049.0
3599;Married;63684.0
3389;Married;69016.0
10710;Married;7500.0
7118;Married;73803.0
4937;Married;46094.0
1127;Married;85844.0
833;Married;38452.0
3565;Married;38452.0
6086;Married;80395.0
1763;Together;87679.0
4697;Divorced;35416.0
182;Together;44124.0
1165;Single;50729.0
5386;Together;94384.0
6024;Together;94384.0
2678;Single;34412.0
5790;Married;31158.0
236;Married;34838.0
6001;Married;56775.0
6250;Widow;54356.0
1168;Married;72159.0
10749;Single;8028.0
2926;Together;55951.0
716;Together;67911.0
6544;Together;67911.0
4298;Together;20427.0
5823;Single;32303.0
8375;Married;55954.0
5723;Together;49187.0
5763;Together;49854.0
8727;Divorced;63693.0
3056;Divorced;63693.0
8442;Married;19510.0
3712;Divorced;52332.0
10722;Together;55593.0
2406;Together;54591.0
7313;Widow;74859.0
2656;Divorced;40851.0
1993;Married;58607.0
4136;Single;7500.0
2928;Single;52614.0
2920;Single;52614.0
6661;Married;67445.0
5462;Married;67445.0
10897;Married;67445.0
10542;Married;36778.0
5756;Together;39453.0
3570;Together;42731.0
1072;Single;40760.0
9606;Married;69969.0
2730;Single;80317.0
2995;Together;66636.0
8210;Married;54730.0
773;Divorced;42835.0
5272;Married;53843.0
5125;Married;79530.0
4391;Divorced;63841.0
6283;Divorced;63841.0
3421;Divorced;63841.0
5731;Married;27100.0
7152;Married;27100.0
3919;Single;72309.0
6097;Single;50664.0
5150;Single;20194.0
10479;Married;76618.0
5966;Married;45207.0
3439;Married;56721.0
6609;Widow;27038.0
5393;Single;23763.0
9014;Married;37085.0
4050;Married;49605.0
6862;Divorced;1730.0
8315;Single;34824.0
5184;Single;34824.0
3643;Married;63206.0
2589;Divorced;26759.0
4887;Divorced;55412.0
10104;Together;33590.0
3254;Married;70886.0
2004;Single;72679.0
6142;Married;65073.0
8553;Married;44300.0
9805;Together;56129.0
849;Together;56129.0
1606;Together;38590.0
125;Together;53083.0
9305;Single;79689.0
4706;Single;34704.0
4437;Married;65316.0
3081;Married;41014.0
3536;Together;19740.0
8686;Together;23724.0
9707;Married;55212.0
10872;Married;55212.0
9058;Widow;79800.0
4640;Divorced;70647.0
2525;Married;38410.0
9503;Single;28071.0
10704;Single;54803.0
2669;Single;74293.0
10037;Single;74293.0
5680;Married;35684.0
3726;Together;34320.0
4548;Single;41967.0
4599;Married;49681.0
879;Married;49681.0
7409;Together;53187.0
1964;Together;86610.0
0;Married;70951.0
4860;Single;24206.0
425;Married;55357.0
9500;Married;58113.0
3074;Married;70643.0
5140;Married;64355.0
2611;Together;82576.0
916;Single;41644.0
10413;Married;72570.0
3696;Divorced;30630.0
304;Single;22944.0
5113;Divorced;86979.0
2863;Single;
4597;Together;82072.0
675;Divorced;52034.0
4483;Single;72354.0
1502;Together;28427.0
736;Together;28427.0
4487;Single;39858.0
3412;Married;67381.0
1744;Single;23529.0
5837;Married;51479.0
3422;Married;76068.0
7462;Single;22507.0
10702;Single;52413.0
2115;Together;50116.0
4138;Single;76624.0
11091;Together;34587.0
7712;Single;62159.0
3535;Single;66294.0
5899;Together;5648.0
8749;Together;37235.0
10955;Widow;85620.0
9491;Together;23976.0
5286;Single;41020.0
3409;Single;36108.0
2544;Divorced;57530.0
2118;Married;62905.0
9370;Married;65846.0
4864;Married;34380.0
405;Divorced;41638.0
10513;Together;63207.0
5138;Together;28320.0
8387;Married;43140.0
378;Married;52531.0
5846;Divorced;40246.0
8870;Together;35196.0
10340;Together;35196.0
7290;Single;70596.0
8895;Single;70596.0
3635;Single;52597.0
11178;Single;42394.0
2410;Single;81657.0
3281;Married;49154.0
9905;Together;34074.0
2437;Married;
2565;Divorced;70638.0
7912;Married;38136.0
7072;Married;67432.0
1409;Together;40689.0
5314;Together;40689.0
7215;Single;101970.0
8858;Married;44325.0
895;Married;61467.0
10313;Married;48178.0
642;Married;16005.0
8504;Married;79593.0
1020;Married;79593.0
3717;Married;61180.0
7646;Single;64449.0
5796;Married;77437.0
8625;Married;17649.0
5407;Together;53103.0
4356;Together;71819.0
2886;Divorced;74290.0
10057;Single;72282.0
10741;Together;47352.0
5491;Together;47352.0
4442;Single;46524.0
3972;Together;50200.0
2431;Married;18222.0
7899;Married;77610.0
9703;Married;38097.0
6927;Married;44377.0
7005;Single;58684.0
246;Married;66480.0
4796;Divorced;49638.0
4725;Together;50616.0
3286;Divorced;26642.0
10680;Together;33235.0
4297;Together;23228.0
7327;Married;36732.0
1553;Together;82657.0
1665;Divorced;64140.0
10640;Together;44392.0
7620;Single;16185.0
7761;Together;38702.0
5062;Married;54072.0
6349;Divorced;61787.0
3386;Married;34935.0
8175;Married;34935.0
6245;Together;59292.0
8780;Together;59292.0
2276;Single;57959.0
1172;Married;92491.0
3225;Married;42207.0
8629;Widow;46984.0
798;Single;23442.0
269;Single;46757.0
8213;Together;14515.0
10245;Single;80910.0
2447;Together;30545.0
9817;Single;44802.0
1371;Single;79941.0
8093;Married;79734.0
713;Married;50353.0
11051;Together;77376.0
5545;Married;78075.0
5283;Single;42473.0
5010;Single;25008.0
7495;Married;56223.0
4368;Married;47850.0
6303;Together;91820.0
1030;Single;40637.0
10364;Divorced;23295.0
6945;Single;84574.0
8562;Together;54165.0
2918;Divorced;28510.0
9167;Married;67131.0
4743;Married;56242.0
10742;Married;86580.0
10965;Together;76005.0
7129;Married;54693.0
3732;Married;52750.0
7124;Divorced;36997.0
10686;Together;34230.0
7247;Widow;47916.0
1513;Together;60839.0
460;Married;79930.0
6653;Married;55158.0
9400;Single;85485.0
7106;Married;75865.0
4252;Married;44375.0
9240;Single;60504.0
10770;Married;65492.0
176;Single;67506.0
6870;Divorced;68805.0
143;Single;61209.0
6445;Together;66825.0
4278;Single;87188.0
6906;Widow;84953.0
4637;Single;74637.0
8690;Married;86111.0
1173;Together;77632.0
1928;Married;31814.0
9029;Married;70116.0
10299;Single;48240.0
9246;Together;40101.0
4943;Married;70503.0
4122;Married;79205.0
2853;Single;51766.0
902;Together;62994.0
1672;Together;65640.0
7254;Together;38361.0
8775;Together;38361.0
9543;Married;19986.0
7093;Married;19986.0
2894;Single;72903.0
5956;Divorced;45072.0
1921;Married;59062.0
5057;Married;61794.0
10260;Together;45143.0
2262;Together;45143.0
7930;Single;26877.0
1461;Divorced;36921.0
7514;Together;54342.0
6461;Single;62772.0
257;Married;75032.0
9460;Married;22419.0
3855;Married;22419.0
367;Married;36550.0
9265;Married;75027.0
1990;Single;63159.0
3594;Married;54108.0
9292;Married;81795.0
6218;Married;59594.0
6528;Together;18492.0
10164;Single;94472.0
9937;Single;70337.0
274;Single;34853.0
5250;Widow;
11010;Single;16269.0
6969;Together;50272.0
10735;Single;22804.0
5068;Single;22804.0
9974;Married;30631.0
7053;Single;78420.0
3179;Single;81741.0
8082;Married;25721.0
1362;Single;31907.0
6768;Divorced;37859.0
2375;Together;30261.0
6856;Together;21645.0
4066;Divorced;21282.0
4333;Together;32144.0
2948;Divorced;62637.0
4927;Together;16626.0
7426;Married;54690.0
8360;Married;54690.0
4058;Single;61284.0
10755;Married;23718.0
8414;Single;33419.0
6810;Divorced;82025.0
3839;Single;15056.0
3483;Married;48192.0
238;Together;67309.0
591;Widow;66033.0
5063;Single;28769.0
4303;Together;6835.0
2258;Married;32880.0
7301;Single;23616.0
11121;Married;19419.0
5287;Married;34961.0
6457;Divorced;64892.0
3559;Married;16248.0
5577;Together;43776.0
641;Single;52074.0
954;Widow;22123.0
1834;Single;35544.0
8789;Married;59060.0
10584;Married;65665.0
2337;Divorced;29819.0
6071;Single;81217.0
295;Single;81217.0
10203;Single;26095.0
3968;Divorced;65706.0
4037;Divorced;31859.0
6932;Married;93027.0
10159;Divorced;58710.0
1177;Together;49618.0
9426;Single;58308.0
10637;Married;40800.0
10826;Married;18690.0
4086;Married;18690.0
10304;Married;18690.0
7998;Together;28087.0
10992;Together;75702.0
6383;Together;32892.0
10536;Together;32892.0
6036;Together;89120.0
11092;Married;27116.0
538;Single;46107.0
10022;Single;54466.0
10157;Single;59686.0
3503;Divorced;82460.0
146;Single;76045.0
5538;Divorced;83829.0
3910;Divorced;83829.0
4227;Together;32889.0
6634;Divorced;33462.0
8916;Divorced;36627.0
6460;Married;28718.0
5883;Married;77981.0
10091;Single;60230.0
697;Together;74918.0
2607;Single;40464.0
8427;Single;64857.0
217;Single;64857.0
6202;Together;63381.0
3856;Together;63381.0
10648;Together;66664.0
5120;Together;66664.0
6749;Single;86358.0
1584;Married;41443.0
9559;Married;57072.0
771;Together;54178.0
5237;Single;48767.0
2461;Single;51124.0
5474;Single;43020.0
2895;Single;49980.0
7972;Single;72906.0
10067;Together;25176.0
500;Together;96876.0
922;Married;31086.0
2861;Single;24072.0
375;Divorced;76773.0
10936;Married;72190.0
10314;Married;83837.0
4240;Married;17345.0
2674;Single;75154.0
2563;Married;28249.0
8312;Married;28249.0
6999;Married;69661.0
7574;Together;27922.0
5223;Together;45903.0
2952;Single;36273.0
7683;Married;70777.0
9481;Married;17148.0
9907;Together;66476.0
5454;Married;45057.0
3798;Married;41120.0
7281;Single;
4259;Single;19485.0
2549;Together;21840.0
6437;Single;41473.0
2488;Divorced;31395.0
3945;Widow;68117.0
702;Widow;47682.0
9010;Married;83151.0
9710;Divorced;58086.0
1509;Together;84460.0
9120;Single;66565.0
5252;Divorced;23910.0
5959;Single;35893.0
7441;Divorced;71128.0
4271;Together;38683.0
4095;Married;37150.0
8852;Married;61064.0
7698;Married;51650.0
4174;Together;55249.0
3182;Single;46854.0
193;Married;14421.0
5229;Together;54132.0
5555;Divorced;153924.0
7732;Married;64813.0
310;Married;61872.0
6261;Married;58025.0
6274;Married;83790.0
1655;Together;34350.0
2740;Widow;33438.0
4328;Married;21955.0
17;Married;60491.0
9153;Married;59304.0
520;Married;34421.0
8372;Married;34421.0
73;Single;51411.0
2002;Divorced;71964.0
6059;Together;64504.0
11166;Married;49678.0
6257;Single;60482.0
9224;Single;55260.0
8732;Widow;67369.0
955;Together;47175.0
4910;Divorced;68743.0
564;Together;56937.0
8931;Together;83033.0
1998;Single;37697.0
1250;Single;37697.0
8397;Married;44689.0
9672;Married;23162.0
2125;Divorced;63033.0
5975;Single;40304.0
983;Married;40059.0
9938;Married;80067.0
4385;Single;36038.0
1612;Single;
803;Together;40521.0
10675;Married;66334.0
7004;Single;11012.0
4432;Divorced;31615.0
5079;Married;
4475;Married;69098.0
10868;Widow;70792.0
6742;Married;17688.0
5692;Married;25443.0
339;Married;57091.0
10398;Single;24336.0
8017;Married;51111.0
3722;Single;44503.0
7326;Married;56850.0
2416;Single;66582.0
1878;Married;23148.0
5278;Married;82224.0
5734;Married;61917.0
4370;Together;43482.0
8405;Divorced;68274.0
7617;Single;42373.0
10339;Together;
6376;Single;57537.0
2150;Widow;80995.0
7386;Divorced;30992.0
3006;Divorced;30992.0
11088;Together;78642.0
5185;Married;74268.0
3523;Together;75072.0
55;Together;56253.0
3807;Together;59925.0
2453;Together;62807.0
7787;Together;62807.0
2230;Married;23626.0
8146;Together;46106.0
988;Married;81168.0
4832;Married;27244.0
3152;Together;26091.0
11188;Together;26091.0
361;Married;43142.0
5939;Together;38232.0
9349;Married;92533.0
819;Widow;63285.0
10120;Together;38946.0
4541;Together;38946.0
2456;Married;40233.0
2516;Married;46831.0
11013;Together;67605.0
9988;Single;70379.0
1627;Divorced;77297.0
1490;Married;55759.0
6710;Single;58217.0
7375;Together;51369.0
10144;Together;51369.0
3138;Single;91249.0
1440;Together;52513.0
4200;Married;44159.0
4998;Together;76081.0
7321;Together;76081.0
8663;Divorced;39996.0
1958;Together;55012.0
6963;Single;77457.0
1065;Single;80695.0
2712;Married;71866.0
6049;Together;73450.0
6605;Divorced;55614.0
11181;Married;156924.0
5234;Together;30753.0
5253;Together;54603.0
11148;Together;22280.0
6289;Together;59385.0
9743;Married;76998.0
9209;Together;80573.0
6417;Together;80573.0
7937;Married;24711.0
6488;Married;38829.0
3194;Single;71466.0
231;Together;28839.0
9697;Married;53790.0
4676;Widow;73705.0
8079;Married;22448.0
10032;Divorced;12571.0
10505;Together;73113.0
2005;Married;35765.0
6940;Single;46734.0
2304;Together;66313.0
3170;Together;68148.0
10466;Married;44393.0
7325;Together;38197.0
455;Married;51012.0
7592;Married;51012.0
4547;Together;13672.0
6825;Together;41452.0
2961;Married;42081.0
8700;Single;14906.0
2278;Single;33812.0
10703;Single;46098.0
9;Single;46098.0
2804;Single;46098.0
4915;Married;53230.0
3010;Together;88420.0
4279;Single;39548.0
2564;Together;61278.0
1137;Single;81246.0
5084;Widow;58330.0
7094;Widow;58330.0
6327;Together;65777.0
6131;Married;70829.0
5798;Together;
10379;Single;59247.0
606;Single;25930.0
7801;Together;54753.0
2445;Together;28440.0
5346;Married;23559.0
550;Divorced;62335.0
4478;Married;63777.0
2350;Married;59666.0
1118;Married;50965.0
1491;Together;71488.0
4507;Single;72228.0
7023;Single;46231.0
6977;Together;75702.0
4042;Divorced;43300.0
7274;Married;78618.0
2902;Together;
3332;Single;29760.0
7433;Single;29760.0
9386;Together;50127.0
5176;Together;29604.0
10323;Married;49413.0
4682;Married;51876.0
3083;Married;45837.0
8015;Divorced;85696.0
1745;Divorced;85696.0
3136;Divorced;59432.0
6991;Divorced;43185.0
8132;Married;60631.0
503;Married;20559.0
8148;Together;50898.0
2736;Married;73807.0
8162;Together;14661.0
692;Together;36807.0
7706;Together;46772.0
9298;Together;81574.0
2986;Married;30772.0
10812;Married;46377.0
2909;Married;78128.0
6974;Together;83443.0
9140;Together;50523.0
4554;Together;47009.0
7791;Married;37054.0
5455;Married;32011.0
7960;Together;82122.0
3426;Divorced;70300.0
5316;Together;21024.0
1404;Together;34916.0
10598;Together;27943.0
8212;Married;39791.0
3233;Married;62745.0
7892;Single;18589.0
2975;Together;85606.0
5043;Married;26997.0
3104;Single;82332.0
10854;Married;38853.0
7419;Divorced;27071.0
5558;Single;90933.0
832;Together;65814.0
4964;Together;74250.0
11030;Married;33181.0
4587;Widow;45006.0
450;Together;42315.0
11031;Married;48699.0
4990;Married;59111.0
221;Married;48726.0
4351;Divorced;37244.0
1357;Together;74854.0
5667;Married;60896.0
8867;Married;67546.0
2747;Married;67546.0
7422;Single;46923.0
4148;Married;38988.0
9516;Divorced;49118.0
1291;Together;27683.0
1833;Single;39190.0
7270;Divorced;56981.0
8182;Married;23228.0
10394;Married;90000.0
1142;Married;55707.0
451;Single;9255.0
7128;Single;42997.0
10678;Together;71232.0
7755;Married;57744.0
4754;Married;33585.0
20;Married;46891.0
2246;Married;46891.0
10307;Married;50387.0
2147;Together;76653.0
10590;Together;76542.0
6565;Married;76995.0
6619;Married;38415.0
4817;Divorced;22304.0
4508;Single;75127.0
4843;Single;75127.0
9197;Married;39722.0
6237;Single;7144.0
6515;Together;39771.0
5954;Divorced;42618.0
7938;Together;51518.0
961;Married;74716.0
1764;Single;33955.0
1916;Married;45736.0
6941;Single;31632.0
5562;Married;60093.0
1517;Single;30822.0
7286;Together;41728.0
4687;Married;80739.0
5631;Single;49767.0
1951;Married;34445.0
123;Widow;67046.0
9451;Married;73538.0
7396;Married;80398.0
3298;Married;52973.0
6730;Married;38998.0
9916;Married;38998.0
2227;Together;26490.0
946;Together;26490.0
3745;Married;23331.0
4094;Married;60544.0
8588;Married;60544.0
3916;Together;49269.0
9135;Together;27203.0
1755;Together;45204.0
2875;Married;67023.0
2008;Married;77583.0
10925;Married;76630.0
1604;Married;47353.0
5389;Married;48920.0
2878;Married;67472.0
4440;Married;64100.0
1324;Married;38872.0
6262;Single;72217.0
3628;Single;15038.0
3641;Married;13624.0
322;Together;42554.0
175;Married;71952.0
6988;Married;71952.0
8204;Married;78041.0
7476;Single;63972.0
5221;Married;52852.0
8970;Married;62010.0
9286;Together;83151.0
5831;Married;77870.0
1010;Together;46931.0
11074;Single;85072.0
5896;Married;73395.0
3515;Single;62307.0
5324;Married;58293.0
6534;Together;47889.0
8373;Together;24594.0
3829;Together;24594.0
4501;Single;69882.0
4179;Together;24221.0
2292;Single;22327.0
9239;Married;61923.0
8953;Single;35791.0
10258;Single;35791.0
3520;Single;91172.0
10402;Married;35441.0
11114;Together;19656.0
9553;Married;7500.0
6055;Married;71626.0
4786;Married;75330.0
5015;Married;34529.0
8560;Single;48789.0
3469;Divorced;34487.0
5885;Married;35688.0
3310;Married;35688.0
2134;Single;53700.0
2532;Single;73454.0
2579;Married;71113.0
3117;Single;
5623;Married;31535.0
4789;Together;80812.0
9523;Together;40479.0
5268;Married;29440.0
1545;Married;38508.0
2254;Married;69520.0
2661;Single;18701.0
3130;Single;18701.0
5847;Divorced;69901.0
5863;Married;47703.0
999;Single;86037.0
2931;Divorced;71847.0
1890;Together;42033.0
5589;Divorced;51983.0
10172;Single;68655.0
6729;Single;68655.0
10492;Together;38285.0
2939;Together;79419.0
5948;Single;57338.0
574;Married;42523.0
3266;Married;42523.0
10500;Married;31761.0
7987;Married;65747.0
1135;Together;17144.0
24;Together;17144.0
7244;Single;
1966;Married;84618.0
7789;Married;84618.0
3336;Together;66375.0
5644;Together;42213.0
1295;Married;
6663;Single;51141.0
10262;Married;15072.0
456;Married;7500.0
3270;Together;17117.0
5748;Married;59754.0
8952;Married;65569.0
3921;Widow;28457.0
9826;Single;86857.0
5830;Single;86857.0
8310;Together;68142.0
6382;Together;48794.0
8439;Together;63404.0
7613;Together;49669.0
48;Together;55761.0
5046;Divorced;78331.0
3231;Married;37971.0
7181;Married;30368.0
1663;Together;34043.0
5441;Widow;54111.0
8602;Divorced;69932.0
9925;Together;39665.0
9499;Married;93404.0
6568;Married;38680.0
3032;Married;24570.0
5153;Married;77766.0
4127;Married;77766.0
9940;Together;64961.0
7527;Divorced;23748.0
3406;Single;45989.0
9771;Single;23331.0
6722;Married;70421.0
213;Single;23091.0
8541;Married;24683.0
8475;Married;157243.0
8070;Married;54222.0
313;Widow;73455.0
9757;Together;84906.0
2088;Together;84906.0
2320;Married;47025.0
966;Married;44529.0
9706;Single;31560.0
3979;Divorced;90687.0
5602;Together;66973.0
2202;Together;41154.0
9645;Married;64590.0
7230;Divorced;50611.0
5675;Divorced;50611.0
4974;Single;83273.0
5687;Divorced;81702.0
5871;Together;24401.0
3846;Married;42557.0
10001;Together;7500.0
2831;Together;78416.0
868;Married;44794.0
7212;Married;44794.0
1743;Single;69719.0
2415;Together;62568.0
7947;Married;42231.0
2106;Married;20130.0
3363;Married;20130.0
8595;Widow;42429.0
7232;Widow;42429.0
7829;Divorced;36640.0
9977;Divorced;78901.0
10142;Divorced;66476.0
5263;Married;31056.0
22;Divorced;46310.0
528;Married;65819.0
4070;Married;94871.0
